,c1,c2
0,5,
1,.,
2,1,
3,,
4,3,
5,.,
6,5,
7,,
8,1,
9,.,
10,4,
11,,
12,0,
13,.,
14,2,
15,,
16,I,
17,r,
18,i,
19,s,
20,-,
21,s,
22,e,
23,t,
24,o,
25,s,
26,a,
27,"
",
28,4,
29,.,
30,9,
31,,
32,3,
33,.,
34,0,
35,,
36,1,
37,.,
38,4,
39,,
40,0,
41,.,
42,2,
43,,
44,I,
45,r,
46,i,
47,s,
48,-,
49,s,
50,e,
51,t,
52,o,
53,s,
54,a,
55,"
",
56,4,
57,.,
58,7,
59,,
60,3,
61,.,
62,2,
63,,
64,1,
65,.,
66,3,
67,,
68,0,
69,.,
70,2,
71,,
72,I,
73,r,
74,i,
75,s,
76,-,
77,s,
78,e,
79,t,
80,o,
81,s,
82,a,
83,"
",
84,4,
85,.,
86,6,
87,,
88,3,
89,.,
90,1,
91,,
92,1,
93,.,
94,5,
95,,
96,0,
97,.,
98,2,
99,,
100,I,
101,r,
102,i,
103,s,
104,-,
105,s,
106,e,
107,t,
108,o,
109,s,
110,a,
111,"
",
112,5,
113,.,
114,0,
115,,
116,3,
117,.,
118,6,
119,,
120,1,
121,.,
122,4,
123,,
124,0,
125,.,
126,2,
127,,
128,I,
129,r,
130,i,
131,s,
132,-,
133,s,
134,e,
135,t,
136,o,
137,s,
138,a,
139,"
",
140,5,
141,.,
142,4,
143,,
144,3,
145,.,
146,9,
147,,
148,1,
149,.,
150,7,
151,,
152,0,
153,.,
154,4,
155,,
156,I,
157,r,
158,i,
159,s,
160,-,
161,s,
162,e,
163,t,
164,o,
165,s,
166,a,
167,"
",
168,4,
169,.,
170,6,
171,,
172,3,
173,.,
174,4,
175,,
176,1,
177,.,
178,4,
179,,
180,0,
181,.,
182,3,
183,,
184,I,
185,r,
186,i,
187,s,
188,-,
189,s,
190,e,
191,t,
192,o,
193,s,
194,a,
195,"
",
196,5,
197,.,
198,0,
199,,
200,3,
201,.,
202,4,
203,,
204,1,
205,.,
206,5,
207,,
208,0,
209,.,
210,2,
211,,
212,I,
213,r,
214,i,
215,s,
216,-,
217,s,
218,e,
219,t,
220,o,
221,s,
222,a,
223,"
",
224,4,
225,.,
226,4,
227,,
228,2,
229,.,
230,9,
231,,
232,1,
233,.,
234,4,
235,,
236,0,
237,.,
238,2,
239,,
240,I,
241,r,
242,i,
243,s,
244,-,
245,s,
246,e,
247,t,
248,o,
249,s,
250,a,
251,"
",
252,4,
253,.,
254,9,
255,,
256,3,
257,.,
258,1,
259,,
260,1,
261,.,
262,5,
263,,
264,0,
265,.,
266,1,
267,,
268,I,
269,r,
270,i,
271,s,
272,-,
273,s,
274,e,
275,t,
276,o,
277,s,
278,a,
279,"
",
280,5,
281,.,
282,4,
283,,
284,3,
285,.,
286,7,
287,,
288,1,
289,.,
290,5,
291,,
292,0,
293,.,
294,2,
295,,
296,I,
297,r,
298,i,
299,s,
300,-,
301,s,
302,e,
303,t,
304,o,
305,s,
306,a,
307,"
",
308,4,
309,.,
310,8,
311,,
312,3,
313,.,
314,4,
315,,
316,1,
317,.,
318,6,
319,,
320,0,
321,.,
322,2,
323,,
324,I,
325,r,
326,i,
327,s,
328,-,
329,s,
330,e,
331,t,
332,o,
333,s,
334,a,
335,"
",
336,4,
337,.,
338,8,
339,,
340,3,
341,.,
342,0,
343,,
344,1,
345,.,
346,4,
347,,
348,0,
349,.,
350,1,
351,,
352,I,
353,r,
354,i,
355,s,
356,-,
357,s,
358,e,
359,t,
360,o,
361,s,
362,a,
363,"
",
364,4,
365,.,
366,3,
367,,
368,3,
369,.,
370,0,
371,,
372,1,
373,.,
374,1,
375,,
376,0,
377,.,
378,1,
379,,
380,I,
381,r,
382,i,
383,s,
384,-,
385,s,
386,e,
387,t,
388,o,
389,s,
390,a,
391,"
",
392,5,
393,.,
394,8,
395,,
396,4,
397,.,
398,0,
399,,
400,1,
401,.,
402,2,
403,,
404,0,
405,.,
406,2,
407,,
408,I,
409,r,
410,i,
411,s,
412,-,
413,s,
414,e,
415,t,
416,o,
417,s,
418,a,
419,"
",
420,5,
421,.,
422,7,
423,,
424,4,
425,.,
426,4,
427,,
428,1,
429,.,
430,5,
431,,
432,0,
433,.,
434,4,
435,,
436,I,
437,r,
438,i,
439,s,
440,-,
441,s,
442,e,
443,t,
444,o,
445,s,
446,a,
447,"
",
448,5,
449,.,
450,4,
451,,
452,3,
453,.,
454,9,
455,,
456,1,
457,.,
458,3,
459,,
460,0,
461,.,
462,4,
463,,
464,I,
465,r,
466,i,
467,s,
468,-,
469,s,
470,e,
471,t,
472,o,
473,s,
474,a,
475,"
",
476,5,
477,.,
478,1,
479,,
480,3,
481,.,
482,5,
483,,
484,1,
485,.,
486,4,
487,,
488,0,
489,.,
490,3,
491,,
492,I,
493,r,
494,i,
495,s,
496,-,
497,s,
498,e,
499,t,
500,o,
501,s,
502,a,
503,"
",
504,5,
505,.,
506,7,
507,,
508,3,
509,.,
510,8,
511,,
512,1,
513,.,
514,7,
515,,
516,0,
517,.,
518,3,
519,,
520,I,
521,r,
522,i,
523,s,
524,-,
525,s,
526,e,
527,t,
528,o,
529,s,
530,a,
531,"
",
532,5,
533,.,
534,1,
535,,
536,3,
537,.,
538,8,
539,,
540,1,
541,.,
542,5,
543,,
544,0,
545,.,
546,3,
547,,
548,I,
549,r,
550,i,
551,s,
552,-,
553,s,
554,e,
555,t,
556,o,
557,s,
558,a,
559,"
",
560,5,
561,.,
562,4,
563,,
564,3,
565,.,
566,4,
567,,
568,1,
569,.,
570,7,
571,,
572,0,
573,.,
574,2,
575,,
576,I,
577,r,
578,i,
579,s,
580,-,
581,s,
582,e,
583,t,
584,o,
585,s,
586,a,
587,"
",
588,5,
589,.,
590,1,
591,,
592,3,
593,.,
594,7,
595,,
596,1,
597,.,
598,5,
599,,
600,0,
601,.,
602,4,
603,,
604,I,
605,r,
606,i,
607,s,
608,-,
609,s,
610,e,
611,t,
612,o,
613,s,
614,a,
615,"
",
616,4,
617,.,
618,6,
619,,
620,3,
621,.,
622,6,
623,,
624,1,
625,.,
626,0,
627,,
628,0,
629,.,
630,2,
631,,
632,I,
633,r,
634,i,
635,s,
636,-,
637,s,
638,e,
639,t,
640,o,
641,s,
642,a,
643,"
",
644,5,
645,.,
646,1,
647,,
648,3,
649,.,
650,3,
651,,
652,1,
653,.,
654,7,
655,,
656,0,
657,.,
658,5,
659,,
660,I,
661,r,
662,i,
663,s,
664,-,
665,s,
666,e,
667,t,
668,o,
669,s,
670,a,
671,"
",
672,4,
673,.,
674,8,
675,,
676,3,
677,.,
678,4,
679,,
680,1,
681,.,
682,9,
683,,
684,0,
685,.,
686,2,
687,,
688,I,
689,r,
690,i,
691,s,
692,-,
693,s,
694,e,
695,t,
696,o,
697,s,
698,a,
699,"
",
700,5,
701,.,
702,0,
703,,
704,3,
705,.,
706,0,
707,,
708,1,
709,.,
710,6,
711,,
712,0,
713,.,
714,2,
715,,
716,I,
717,r,
718,i,
719,s,
720,-,
721,s,
722,e,
723,t,
724,o,
725,s,
726,a,
727,"
",
728,5,
729,.,
730,0,
731,,
732,3,
733,.,
734,4,
735,,
736,1,
737,.,
738,6,
739,,
740,0,
741,.,
742,4,
743,,
744,I,
745,r,
746,i,
747,s,
748,-,
749,s,
750,e,
751,t,
752,o,
753,s,
754,a,
755,"
",
756,5,
757,.,
758,2,
759,,
760,3,
761,.,
762,5,
763,,
764,1,
765,.,
766,5,
767,,
768,0,
769,.,
770,2,
771,,
772,I,
773,r,
774,i,
775,s,
776,-,
777,s,
778,e,
779,t,
780,o,
781,s,
782,a,
783,"
",
784,5,
785,.,
786,2,
787,,
788,3,
789,.,
790,4,
791,,
792,1,
793,.,
794,4,
795,,
796,0,
797,.,
798,2,
799,,
800,I,
801,r,
802,i,
803,s,
804,-,
805,s,
806,e,
807,t,
808,o,
809,s,
810,a,
811,"
",
812,4,
813,.,
814,7,
815,,
816,3,
817,.,
818,2,
819,,
820,1,
821,.,
822,6,
823,,
824,0,
825,.,
826,2,
827,,
828,I,
829,r,
830,i,
831,s,
832,-,
833,s,
834,e,
835,t,
836,o,
837,s,
838,a,
839,"
",
840,4,
841,.,
842,8,
843,,
844,3,
845,.,
846,1,
847,,
848,1,
849,.,
850,6,
851,,
852,0,
853,.,
854,2,
855,,
856,I,
857,r,
858,i,
859,s,
860,-,
861,s,
862,e,
863,t,
864,o,
865,s,
866,a,
867,"
",
868,5,
869,.,
870,4,
871,,
872,3,
873,.,
874,4,
875,,
876,1,
877,.,
878,5,
879,,
880,0,
881,.,
882,4,
883,,
884,I,
885,r,
886,i,
887,s,
888,-,
889,s,
890,e,
891,t,
892,o,
893,s,
894,a,
895,"
",
896,5,
897,.,
898,2,
899,,
900,4,
901,.,
902,1,
903,,
904,1,
905,.,
906,5,
907,,
908,0,
909,.,
910,1,
911,,
912,I,
913,r,
914,i,
915,s,
916,-,
917,s,
918,e,
919,t,
920,o,
921,s,
922,a,
923,"
",
924,5,
925,.,
926,5,
927,,
928,4,
929,.,
930,2,
931,,
932,1,
933,.,
934,4,
935,,
936,0,
937,.,
938,2,
939,,
940,I,
941,r,
942,i,
943,s,
944,-,
945,s,
946,e,
947,t,
948,o,
949,s,
950,a,
951,"
",
952,4,
953,.,
954,9,
955,,
956,3,
957,.,
958,1,
959,,
960,1,
961,.,
962,5,
963,,
964,0,
965,.,
966,1,
967,,
968,I,
969,r,
970,i,
971,s,
972,-,
973,s,
974,e,
975,t,
976,o,
977,s,
978,a,
979,"
",
980,5,
981,.,
982,0,
983,,
984,3,
985,.,
986,2,
987,,
988,1,
989,.,
990,2,
991,,
992,0,
993,.,
994,2,
995,,
996,I,
997,r,
998,i,
999,s,
1000,-,
1001,s,
1002,e,
1003,t,
1004,o,
1005,s,
1006,a,
1007,"
",
1008,5,
1009,.,
1010,5,
1011,,
1012,3,
1013,.,
1014,5,
1015,,
1016,1,
1017,.,
1018,3,
1019,,
1020,0,
1021,.,
1022,2,
1023,,
1024,I,
1025,r,
1026,i,
1027,s,
1028,-,
1029,s,
1030,e,
1031,t,
1032,o,
1033,s,
1034,a,
1035,"
",
1036,4,
1037,.,
1038,9,
1039,,
1040,3,
1041,.,
1042,1,
1043,,
1044,1,
1045,.,
1046,5,
1047,,
1048,0,
1049,.,
1050,1,
1051,,
1052,I,
1053,r,
1054,i,
1055,s,
1056,-,
1057,s,
1058,e,
1059,t,
1060,o,
1061,s,
1062,a,
1063,"
",
1064,4,
1065,.,
1066,4,
1067,,
1068,3,
1069,.,
1070,0,
1071,,
1072,1,
1073,.,
1074,3,
1075,,
1076,0,
1077,.,
1078,2,
1079,,
1080,I,
1081,r,
1082,i,
1083,s,
1084,-,
1085,s,
1086,e,
1087,t,
1088,o,
1089,s,
1090,a,
1091,"
",
1092,5,
1093,.,
1094,1,
1095,,
1096,3,
1097,.,
1098,4,
1099,,
1100,1,
1101,.,
1102,5,
1103,,
1104,0,
1105,.,
1106,2,
1107,,
1108,I,
1109,r,
1110,i,
1111,s,
1112,-,
1113,s,
1114,e,
1115,t,
1116,o,
1117,s,
1118,a,
1119,"
",
1120,5,
1121,.,
1122,0,
1123,,
1124,3,
1125,.,
1126,5,
1127,,
1128,1,
1129,.,
1130,3,
1131,,
1132,0,
1133,.,
1134,3,
1135,,
1136,I,
1137,r,
1138,i,
1139,s,
1140,-,
1141,s,
1142,e,
1143,t,
1144,o,
1145,s,
1146,a,
1147,"
",
1148,4,
1149,.,
1150,5,
1151,,
1152,2,
1153,.,
1154,3,
1155,,
1156,1,
1157,.,
1158,3,
1159,,
1160,0,
1161,.,
1162,3,
1163,,
1164,I,
1165,r,
1166,i,
1167,s,
1168,-,
1169,s,
1170,e,
1171,t,
1172,o,
1173,s,
1174,a,
1175,"
",
1176,4,
1177,.,
1178,4,
1179,,
1180,3,
1181,.,
1182,2,
1183,,
1184,1,
1185,.,
1186,3,
1187,,
1188,0,
1189,.,
1190,2,
1191,,
1192,I,
1193,r,
1194,i,
1195,s,
1196,-,
1197,s,
1198,e,
1199,t,
1200,o,
1201,s,
1202,a,
1203,"
",
1204,5,
1205,.,
1206,0,
1207,,
1208,3,
1209,.,
1210,5,
1211,,
1212,1,
1213,.,
1214,6,
1215,,
1216,0,
1217,.,
1218,6,
1219,,
1220,I,
1221,r,
1222,i,
1223,s,
1224,-,
1225,s,
1226,e,
1227,t,
1228,o,
1229,s,
1230,a,
1231,"
",
1232,5,
1233,.,
1234,1,
1235,,
1236,3,
1237,.,
1238,8,
1239,,
1240,1,
1241,.,
1242,9,
1243,,
1244,0,
1245,.,
1246,4,
1247,,
1248,I,
1249,r,
1250,i,
1251,s,
1252,-,
1253,s,
1254,e,
1255,t,
1256,o,
1257,s,
1258,a,
1259,"
",
1260,4,
1261,.,
1262,8,
1263,,
1264,3,
1265,.,
1266,0,
1267,,
1268,1,
1269,.,
1270,4,
1271,,
1272,0,
1273,.,
1274,3,
1275,,
1276,I,
1277,r,
1278,i,
1279,s,
1280,-,
1281,s,
1282,e,
1283,t,
1284,o,
1285,s,
1286,a,
1287,"
",
1288,5,
1289,.,
1290,1,
1291,,
1292,3,
1293,.,
1294,8,
1295,,
1296,1,
1297,.,
1298,6,
1299,,
1300,0,
1301,.,
1302,2,
1303,,
1304,I,
1305,r,
1306,i,
1307,s,
1308,-,
1309,s,
1310,e,
1311,t,
1312,o,
1313,s,
1314,a,
1315,"
",
1316,4,
1317,.,
1318,6,
1319,,
1320,3,
1321,.,
1322,2,
1323,,
1324,1,
1325,.,
1326,4,
1327,,
1328,0,
1329,.,
1330,2,
1331,,
1332,I,
1333,r,
1334,i,
1335,s,
1336,-,
1337,s,
1338,e,
1339,t,
1340,o,
1341,s,
1342,a,
1343,"
",
1344,5,
1345,.,
1346,3,
1347,,
1348,3,
1349,.,
1350,7,
1351,,
1352,1,
1353,.,
1354,5,
1355,,
1356,0,
1357,.,
1358,2,
1359,,
1360,I,
1361,r,
1362,i,
1363,s,
1364,-,
1365,s,
1366,e,
1367,t,
1368,o,
1369,s,
1370,a,
1371,"
",
1372,5,
1373,.,
1374,0,
1375,,
1376,3,
1377,.,
1378,3,
1379,,
1380,1,
1381,.,
1382,4,
1383,,
1384,0,
1385,.,
1386,2,
1387,,
1388,I,
1389,r,
1390,i,
1391,s,
1392,-,
1393,s,
1394,e,
1395,t,
1396,o,
1397,s,
1398,a,
1399,"
",
1400,7,
1401,.,
1402,0,
1403,,
1404,3,
1405,.,
1406,2,
1407,,
1408,4,
1409,.,
1410,7,
1411,,
1412,1,
1413,.,
1414,4,
1415,,
1416,I,
1417,r,
1418,i,
1419,s,
1420,-,
1421,v,
1422,e,
1423,r,
1424,s,
1425,i,
1426,c,
1427,o,
1428,l,
1429,o,
1430,r,
1431,"
",
1432,6,
1433,.,
1434,4,
1435,,
1436,3,
1437,.,
1438,2,
1439,,
1440,4,
1441,.,
1442,5,
1443,,
1444,1,
1445,.,
1446,5,
1447,,
1448,I,
1449,r,
1450,i,
1451,s,
1452,-,
1453,v,
1454,e,
1455,r,
1456,s,
1457,i,
1458,c,
1459,o,
1460,l,
1461,o,
1462,r,
1463,"
",
1464,6,
1465,.,
1466,9,
1467,,
1468,3,
1469,.,
1470,1,
1471,,
1472,4,
1473,.,
1474,9,
1475,,
1476,1,
1477,.,
1478,5,
1479,,
1480,I,
1481,r,
1482,i,
1483,s,
1484,-,
1485,v,
1486,e,
1487,r,
1488,s,
1489,i,
1490,c,
1491,o,
1492,l,
1493,o,
1494,r,
1495,"
",
1496,5,
1497,.,
1498,5,
1499,,
1500,2,
1501,.,
1502,3,
1503,,
1504,4,
1505,.,
1506,0,
1507,,
1508,1,
1509,.,
1510,3,
1511,,
1512,I,
1513,r,
1514,i,
1515,s,
1516,-,
1517,v,
1518,e,
1519,r,
1520,s,
1521,i,
1522,c,
1523,o,
1524,l,
1525,o,
1526,r,
1527,"
",
1528,6,
1529,.,
1530,5,
1531,,
1532,2,
1533,.,
1534,8,
1535,,
1536,4,
1537,.,
1538,6,
1539,,
1540,1,
1541,.,
1542,5,
1543,,
1544,I,
1545,r,
1546,i,
1547,s,
1548,-,
1549,v,
1550,e,
1551,r,
1552,s,
1553,i,
1554,c,
1555,o,
1556,l,
1557,o,
1558,r,
1559,"
",
1560,5,
1561,.,
1562,7,
1563,,
1564,2,
1565,.,
1566,8,
1567,,
1568,4,
1569,.,
1570,5,
1571,,
1572,1,
1573,.,
1574,3,
1575,,
1576,I,
1577,r,
1578,i,
1579,s,
1580,-,
1581,v,
1582,e,
1583,r,
1584,s,
1585,i,
1586,c,
1587,o,
1588,l,
1589,o,
1590,r,
1591,"
",
1592,6,
1593,.,
1594,3,
1595,,
1596,3,
1597,.,
1598,3,
1599,,
1600,4,
1601,.,
1602,7,
1603,,
1604,1,
1605,.,
1606,6,
1607,,
1608,I,
1609,r,
1610,i,
1611,s,
1612,-,
1613,v,
1614,e,
1615,r,
1616,s,
1617,i,
1618,c,
1619,o,
1620,l,
1621,o,
1622,r,
1623,"
",
1624,4,
1625,.,
1626,9,
1627,,
1628,2,
1629,.,
1630,4,
1631,,
1632,3,
1633,.,
1634,3,
1635,,
1636,1,
1637,.,
1638,0,
1639,,
1640,I,
1641,r,
1642,i,
1643,s,
1644,-,
1645,v,
1646,e,
1647,r,
1648,s,
1649,i,
1650,c,
1651,o,
1652,l,
1653,o,
1654,r,
1655,"
",
1656,6,
1657,.,
1658,6,
1659,,
1660,2,
1661,.,
1662,9,
1663,,
1664,4,
1665,.,
1666,6,
1667,,
1668,1,
1669,.,
1670,3,
1671,,
1672,I,
1673,r,
1674,i,
1675,s,
1676,-,
1677,v,
1678,e,
1679,r,
1680,s,
1681,i,
1682,c,
1683,o,
1684,l,
1685,o,
1686,r,
1687,"
",
1688,5,
1689,.,
1690,2,
1691,,
1692,2,
1693,.,
1694,7,
1695,,
1696,3,
1697,.,
1698,9,
1699,,
1700,1,
1701,.,
1702,4,
1703,,
1704,I,
1705,r,
1706,i,
1707,s,
1708,-,
1709,v,
1710,e,
1711,r,
1712,s,
1713,i,
1714,c,
1715,o,
1716,l,
1717,o,
1718,r,
1719,"
",
1720,5,
1721,.,
1722,0,
1723,,
1724,2,
1725,.,
1726,0,
1727,,
1728,3,
1729,.,
1730,5,
1731,,
1732,1,
1733,.,
1734,0,
1735,,
1736,I,
1737,r,
1738,i,
1739,s,
1740,-,
1741,v,
1742,e,
1743,r,
1744,s,
1745,i,
1746,c,
1747,o,
1748,l,
1749,o,
1750,r,
1751,"
",
1752,5,
1753,.,
1754,9,
1755,,
1756,3,
1757,.,
1758,0,
1759,,
1760,4,
1761,.,
1762,2,
1763,,
1764,1,
1765,.,
1766,5,
1767,,
1768,I,
1769,r,
1770,i,
1771,s,
1772,-,
1773,v,
1774,e,
1775,r,
1776,s,
1777,i,
1778,c,
1779,o,
1780,l,
1781,o,
1782,r,
1783,"
",
1784,6,
1785,.,
1786,0,
1787,,
1788,2,
1789,.,
1790,2,
1791,,
1792,4,
1793,.,
1794,0,
1795,,
1796,1,
1797,.,
1798,0,
1799,,
1800,I,
1801,r,
1802,i,
1803,s,
1804,-,
1805,v,
1806,e,
1807,r,
1808,s,
1809,i,
1810,c,
1811,o,
1812,l,
1813,o,
1814,r,
1815,"
",
1816,6,
1817,.,
1818,1,
1819,,
1820,2,
1821,.,
1822,9,
1823,,
1824,4,
1825,.,
1826,7,
1827,,
1828,1,
1829,.,
1830,4,
1831,,
1832,I,
1833,r,
1834,i,
1835,s,
1836,-,
1837,v,
1838,e,
1839,r,
1840,s,
1841,i,
1842,c,
1843,o,
1844,l,
1845,o,
1846,r,
1847,"
",
1848,5,
1849,.,
1850,6,
1851,,
1852,2,
1853,.,
1854,9,
1855,,
1856,3,
1857,.,
1858,6,
1859,,
1860,1,
1861,.,
1862,3,
1863,,
1864,I,
1865,r,
1866,i,
1867,s,
1868,-,
1869,v,
1870,e,
1871,r,
1872,s,
1873,i,
1874,c,
1875,o,
1876,l,
1877,o,
1878,r,
1879,"
",
1880,6,
1881,.,
1882,7,
1883,,
1884,3,
1885,.,
1886,1,
1887,,
1888,4,
1889,.,
1890,4,
1891,,
1892,1,
1893,.,
1894,4,
1895,,
1896,I,
1897,r,
1898,i,
1899,s,
1900,-,
1901,v,
1902,e,
1903,r,
1904,s,
1905,i,
1906,c,
1907,o,
1908,l,
1909,o,
1910,r,
1911,"
",
1912,5,
1913,.,
1914,6,
1915,,
1916,3,
1917,.,
1918,0,
1919,,
1920,4,
1921,.,
1922,5,
1923,,
1924,1,
1925,.,
1926,5,
1927,,
1928,I,
1929,r,
1930,i,
1931,s,
1932,-,
1933,v,
1934,e,
1935,r,
1936,s,
1937,i,
1938,c,
1939,o,
1940,l,
1941,o,
1942,r,
1943,"
",
1944,5,
1945,.,
1946,8,
1947,,
1948,2,
1949,.,
1950,7,
1951,,
1952,4,
1953,.,
1954,1,
1955,,
1956,1,
1957,.,
1958,0,
1959,,
1960,I,
1961,r,
1962,i,
1963,s,
1964,-,
1965,v,
1966,e,
1967,r,
1968,s,
1969,i,
1970,c,
1971,o,
1972,l,
1973,o,
1974,r,
1975,"
",
1976,6,
1977,.,
1978,2,
1979,,
1980,2,
1981,.,
1982,2,
1983,,
1984,4,
1985,.,
1986,5,
1987,,
1988,1,
1989,.,
1990,5,
1991,,
1992,I,
1993,r,
1994,i,
1995,s,
1996,-,
1997,v,
1998,e,
1999,r,
2000,s,
2001,i,
2002,c,
2003,o,
2004,l,
2005,o,
2006,r,
2007,"
",
2008,5,
2009,.,
2010,6,
2011,,
2012,2,
2013,.,
2014,5,
2015,,
2016,3,
2017,.,
2018,9,
2019,,
2020,1,
2021,.,
2022,1,
2023,,
2024,I,
2025,r,
2026,i,
2027,s,
2028,-,
2029,v,
2030,e,
2031,r,
2032,s,
2033,i,
2034,c,
2035,o,
2036,l,
2037,o,
2038,r,
2039,"
",
2040,5,
2041,.,
2042,9,
2043,,
2044,3,
2045,.,
2046,2,
2047,,
2048,4,
2049,.,
2050,8,
2051,,
2052,1,
2053,.,
2054,8,
2055,,
2056,I,
2057,r,
2058,i,
2059,s,
2060,-,
2061,v,
2062,e,
2063,r,
2064,s,
2065,i,
2066,c,
2067,o,
2068,l,
2069,o,
2070,r,
2071,"
",
2072,6,
2073,.,
2074,1,
2075,,
2076,2,
2077,.,
2078,8,
2079,,
2080,4,
2081,.,
2082,0,
2083,,
2084,1,
2085,.,
2086,3,
2087,,
2088,I,
2089,r,
2090,i,
2091,s,
2092,-,
2093,v,
2094,e,
2095,r,
2096,s,
2097,i,
2098,c,
2099,o,
2100,l,
2101,o,
2102,r,
2103,"
",
2104,6,
2105,.,
2106,3,
2107,,
2108,2,
2109,.,
2110,5,
2111,,
2112,4,
2113,.,
2114,9,
2115,,
2116,1,
2117,.,
2118,5,
2119,,
2120,I,
2121,r,
2122,i,
2123,s,
2124,-,
2125,v,
2126,e,
2127,r,
2128,s,
2129,i,
2130,c,
2131,o,
2132,l,
2133,o,
2134,r,
2135,"
",
2136,6,
2137,.,
2138,1,
2139,,
2140,2,
2141,.,
2142,8,
2143,,
2144,4,
2145,.,
2146,7,
2147,,
2148,1,
2149,.,
2150,2,
2151,,
2152,I,
2153,r,
2154,i,
2155,s,
2156,-,
2157,v,
2158,e,
2159,r,
2160,s,
2161,i,
2162,c,
2163,o,
2164,l,
2165,o,
2166,r,
2167,"
",
2168,6,
2169,.,
2170,4,
2171,,
2172,2,
2173,.,
2174,9,
2175,,
2176,4,
2177,.,
2178,3,
2179,,
2180,1,
2181,.,
2182,3,
2183,,
2184,I,
2185,r,
2186,i,
2187,s,
2188,-,
2189,v,
2190,e,
2191,r,
2192,s,
2193,i,
2194,c,
2195,o,
2196,l,
2197,o,
2198,r,
2199,"
",
2200,6,
2201,.,
2202,6,
2203,,
2204,3,
2205,.,
2206,0,
2207,,
2208,4,
2209,.,
2210,4,
2211,,
2212,1,
2213,.,
2214,4,
2215,,
2216,I,
2217,r,
2218,i,
2219,s,
2220,-,
2221,v,
2222,e,
2223,r,
2224,s,
2225,i,
2226,c,
2227,o,
2228,l,
2229,o,
2230,r,
2231,"
",
2232,6,
2233,.,
2234,8,
2235,,
2236,2,
2237,.,
2238,8,
2239,,
2240,4,
2241,.,
2242,8,
2243,,
2244,1,
2245,.,
2246,4,
2247,,
2248,I,
2249,r,
2250,i,
2251,s,
2252,-,
2253,v,
2254,e,
2255,r,
2256,s,
2257,i,
2258,c,
2259,o,
2260,l,
2261,o,
2262,r,
2263,"
",
2264,6,
2265,.,
2266,7,
2267,,
2268,3,
2269,.,
2270,0,
2271,,
2272,5,
2273,.,
2274,0,
2275,,
2276,1,
2277,.,
2278,7,
2279,,
2280,I,
2281,r,
2282,i,
2283,s,
2284,-,
2285,v,
2286,e,
2287,r,
2288,s,
2289,i,
2290,c,
2291,o,
2292,l,
2293,o,
2294,r,
2295,"
",
2296,6,
2297,.,
2298,0,
2299,,
2300,2,
2301,.,
2302,9,
2303,,
2304,4,
2305,.,
2306,5,
2307,,
2308,1,
2309,.,
2310,5,
2311,,
2312,I,
2313,r,
2314,i,
2315,s,
2316,-,
2317,v,
2318,e,
2319,r,
2320,s,
2321,i,
2322,c,
2323,o,
2324,l,
2325,o,
2326,r,
2327,"
",
2328,5,
2329,.,
2330,7,
2331,,
2332,2,
2333,.,
2334,6,
2335,,
2336,3,
2337,.,
2338,5,
2339,,
2340,1,
2341,.,
2342,0,
2343,,
2344,I,
2345,r,
2346,i,
2347,s,
2348,-,
2349,v,
2350,e,
2351,r,
2352,s,
2353,i,
2354,c,
2355,o,
2356,l,
2357,o,
2358,r,
2359,"
",
2360,5,
2361,.,
2362,5,
2363,,
2364,2,
2365,.,
2366,4,
2367,,
2368,3,
2369,.,
2370,8,
2371,,
2372,1,
2373,.,
2374,1,
2375,,
2376,I,
2377,r,
2378,i,
2379,s,
2380,-,
2381,v,
2382,e,
2383,r,
2384,s,
2385,i,
2386,c,
2387,o,
2388,l,
2389,o,
2390,r,
2391,"
",
2392,5,
2393,.,
2394,5,
2395,,
2396,2,
2397,.,
2398,4,
2399,,
2400,3,
2401,.,
2402,7,
2403,,
2404,1,
2405,.,
2406,0,
2407,,
2408,I,
2409,r,
2410,i,
2411,s,
2412,-,
2413,v,
2414,e,
2415,r,
2416,s,
2417,i,
2418,c,
2419,o,
2420,l,
2421,o,
2422,r,
2423,"
",
2424,5,
2425,.,
2426,8,
2427,,
2428,2,
2429,.,
2430,7,
2431,,
2432,3,
2433,.,
2434,9,
2435,,
2436,1,
2437,.,
2438,2,
2439,,
2440,I,
2441,r,
2442,i,
2443,s,
2444,-,
2445,v,
2446,e,
2447,r,
2448,s,
2449,i,
2450,c,
2451,o,
2452,l,
2453,o,
2454,r,
2455,"
",
2456,6,
2457,.,
2458,0,
2459,,
2460,2,
2461,.,
2462,7,
2463,,
2464,5,
2465,.,
2466,1,
2467,,
2468,1,
2469,.,
2470,6,
2471,,
2472,I,
2473,r,
2474,i,
2475,s,
2476,-,
2477,v,
2478,e,
2479,r,
2480,s,
2481,i,
2482,c,
2483,o,
2484,l,
2485,o,
2486,r,
2487,"
",
2488,5,
2489,.,
2490,4,
2491,,
2492,3,
2493,.,
2494,0,
2495,,
2496,4,
2497,.,
2498,5,
2499,,
2500,1,
2501,.,
2502,5,
2503,,
2504,I,
2505,r,
2506,i,
2507,s,
2508,-,
2509,v,
2510,e,
2511,r,
2512,s,
2513,i,
2514,c,
2515,o,
2516,l,
2517,o,
2518,r,
2519,"
",
2520,6,
2521,.,
2522,0,
2523,,
2524,3,
2525,.,
2526,4,
2527,,
2528,4,
2529,.,
2530,5,
2531,,
2532,1,
2533,.,
2534,6,
2535,,
2536,I,
2537,r,
2538,i,
2539,s,
2540,-,
2541,v,
2542,e,
2543,r,
2544,s,
2545,i,
2546,c,
2547,o,
2548,l,
2549,o,
2550,r,
2551,"
",
2552,6,
2553,.,
2554,7,
2555,,
2556,3,
2557,.,
2558,1,
2559,,
2560,4,
2561,.,
2562,7,
2563,,
2564,1,
2565,.,
2566,5,
2567,,
2568,I,
2569,r,
2570,i,
2571,s,
2572,-,
2573,v,
2574,e,
2575,r,
2576,s,
2577,i,
2578,c,
2579,o,
2580,l,
2581,o,
2582,r,
2583,"
",
2584,6,
2585,.,
2586,3,
2587,,
2588,2,
2589,.,
2590,3,
2591,,
2592,4,
2593,.,
2594,4,
2595,,
2596,1,
2597,.,
2598,3,
2599,,
2600,I,
2601,r,
2602,i,
2603,s,
2604,-,
2605,v,
2606,e,
2607,r,
2608,s,
2609,i,
2610,c,
2611,o,
2612,l,
2613,o,
2614,r,
2615,"
",
2616,5,
2617,.,
2618,6,
2619,,
2620,3,
2621,.,
2622,0,
2623,,
2624,4,
2625,.,
2626,1,
2627,,
2628,1,
2629,.,
2630,3,
2631,,
2632,I,
2633,r,
2634,i,
2635,s,
2636,-,
2637,v,
2638,e,
2639,r,
2640,s,
2641,i,
2642,c,
2643,o,
2644,l,
2645,o,
2646,r,
2647,"
",
2648,5,
2649,.,
2650,5,
2651,,
2652,2,
2653,.,
2654,5,
2655,,
2656,4,
2657,.,
2658,0,
2659,,
2660,1,
2661,.,
2662,3,
2663,,
2664,I,
2665,r,
2666,i,
2667,s,
2668,-,
2669,v,
2670,e,
2671,r,
2672,s,
2673,i,
2674,c,
2675,o,
2676,l,
2677,o,
2678,r,
2679,"
",
2680,5,
2681,.,
2682,5,
2683,,
2684,2,
2685,.,
2686,6,
2687,,
2688,4,
2689,.,
2690,4,
2691,,
2692,1,
2693,.,
2694,2,
2695,,
2696,I,
2697,r,
2698,i,
2699,s,
2700,-,
2701,v,
2702,e,
2703,r,
2704,s,
2705,i,
2706,c,
2707,o,
2708,l,
2709,o,
2710,r,
2711,"
",
2712,6,
2713,.,
2714,1,
2715,,
2716,3,
2717,.,
2718,0,
2719,,
2720,4,
2721,.,
2722,6,
2723,,
2724,1,
2725,.,
2726,4,
2727,,
2728,I,
2729,r,
2730,i,
2731,s,
2732,-,
2733,v,
2734,e,
2735,r,
2736,s,
2737,i,
2738,c,
2739,o,
2740,l,
2741,o,
2742,r,
2743,"
",
2744,5,
2745,.,
2746,8,
2747,,
2748,2,
2749,.,
2750,6,
2751,,
2752,4,
2753,.,
2754,0,
2755,,
2756,1,
2757,.,
2758,2,
2759,,
2760,I,
2761,r,
2762,i,
2763,s,
2764,-,
2765,v,
2766,e,
2767,r,
2768,s,
2769,i,
2770,c,
2771,o,
2772,l,
2773,o,
2774,r,
2775,"
",
2776,5,
2777,.,
2778,0,
2779,,
2780,2,
2781,.,
2782,3,
2783,,
2784,3,
2785,.,
2786,3,
2787,,
2788,1,
2789,.,
2790,0,
2791,,
2792,I,
2793,r,
2794,i,
2795,s,
2796,-,
2797,v,
2798,e,
2799,r,
2800,s,
2801,i,
2802,c,
2803,o,
2804,l,
2805,o,
2806,r,
2807,"
",
2808,5,
2809,.,
2810,6,
2811,,
2812,2,
2813,.,
2814,7,
2815,,
2816,4,
2817,.,
2818,2,
2819,,
2820,1,
2821,.,
2822,3,
2823,,
2824,I,
2825,r,
2826,i,
2827,s,
2828,-,
2829,v,
2830,e,
2831,r,
2832,s,
2833,i,
2834,c,
2835,o,
2836,l,
2837,o,
2838,r,
2839,"
",
2840,5,
2841,.,
2842,7,
2843,,
2844,3,
2845,.,
2846,0,
2847,,
2848,4,
2849,.,
2850,2,
2851,,
2852,1,
2853,.,
2854,2,
2855,,
2856,I,
2857,r,
2858,i,
2859,s,
2860,-,
2861,v,
2862,e,
2863,r,
2864,s,
2865,i,
2866,c,
2867,o,
2868,l,
2869,o,
2870,r,
2871,"
",
2872,5,
2873,.,
2874,7,
2875,,
2876,2,
2877,.,
2878,9,
2879,,
2880,4,
2881,.,
2882,2,
2883,,
2884,1,
2885,.,
2886,3,
2887,,
2888,I,
2889,r,
2890,i,
2891,s,
2892,-,
2893,v,
2894,e,
2895,r,
2896,s,
2897,i,
2898,c,
2899,o,
2900,l,
2901,o,
2902,r,
2903,"
",
2904,6,
2905,.,
2906,2,
2907,,
2908,2,
2909,.,
2910,9,
2911,,
2912,4,
2913,.,
2914,3,
2915,,
2916,1,
2917,.,
2918,3,
2919,,
2920,I,
2921,r,
2922,i,
2923,s,
2924,-,
2925,v,
2926,e,
2927,r,
2928,s,
2929,i,
2930,c,
2931,o,
2932,l,
2933,o,
2934,r,
2935,"
",
2936,5,
2937,.,
2938,1,
2939,,
2940,2,
2941,.,
2942,5,
2943,,
2944,3,
2945,.,
2946,0,
2947,,
2948,1,
2949,.,
2950,1,
2951,,
2952,I,
2953,r,
2954,i,
2955,s,
2956,-,
2957,v,
2958,e,
2959,r,
2960,s,
2961,i,
2962,c,
2963,o,
2964,l,
2965,o,
2966,r,
2967,"
",
2968,5,
2969,.,
2970,7,
2971,,
2972,2,
2973,.,
2974,8,
2975,,
2976,4,
2977,.,
2978,1,
2979,,
2980,1,
2981,.,
2982,3,
2983,,
2984,I,
2985,r,
2986,i,
2987,s,
2988,-,
2989,v,
2990,e,
2991,r,
2992,s,
2993,i,
2994,c,
2995,o,
2996,l,
2997,o,
2998,r,
2999,"
",
3000,6,
3001,.,
3002,3,
3003,,
3004,3,
3005,.,
3006,3,
3007,,
3008,6,
3009,.,
3010,0,
3011,,
3012,2,
3013,.,
3014,5,
3015,,
3016,I,
3017,r,
3018,i,
3019,s,
3020,-,
3021,v,
3022,i,
3023,r,
3024,g,
3025,i,
3026,n,
3027,i,
3028,c,
3029,a,
3030,"
",
3031,5,
3032,.,
3033,8,
3034,,
3035,2,
3036,.,
3037,7,
3038,,
3039,5,
3040,.,
3041,1,
3042,,
3043,1,
3044,.,
3045,9,
3046,,
3047,I,
3048,r,
3049,i,
3050,s,
3051,-,
3052,v,
3053,i,
3054,r,
3055,g,
3056,i,
3057,n,
3058,i,
3059,c,
3060,a,
3061,"
",
3062,7,
3063,.,
3064,1,
3065,,
3066,3,
3067,.,
3068,0,
3069,,
3070,5,
3071,.,
3072,9,
3073,,
3074,2,
3075,.,
3076,1,
3077,,
3078,I,
3079,r,
3080,i,
3081,s,
3082,-,
3083,v,
3084,i,
3085,r,
3086,g,
3087,i,
3088,n,
3089,i,
3090,c,
3091,a,
3092,"
",
3093,6,
3094,.,
3095,3,
3096,,
3097,2,
3098,.,
3099,9,
3100,,
3101,5,
3102,.,
3103,6,
3104,,
3105,1,
3106,.,
3107,8,
3108,,
3109,I,
3110,r,
3111,i,
3112,s,
3113,-,
3114,v,
3115,i,
3116,r,
3117,g,
3118,i,
3119,n,
3120,i,
3121,c,
3122,a,
3123,"
",
3124,6,
3125,.,
3126,5,
3127,,
3128,3,
3129,.,
3130,0,
3131,,
3132,5,
3133,.,
3134,8,
3135,,
3136,2,
3137,.,
3138,2,
3139,,
3140,I,
3141,r,
3142,i,
3143,s,
3144,-,
3145,v,
3146,i,
3147,r,
3148,g,
3149,i,
3150,n,
3151,i,
3152,c,
3153,a,
3154,"
",
3155,7,
3156,.,
3157,6,
3158,,
3159,3,
3160,.,
3161,0,
3162,,
3163,6,
3164,.,
3165,6,
3166,,
3167,2,
3168,.,
3169,1,
3170,,
3171,I,
3172,r,
3173,i,
3174,s,
3175,-,
3176,v,
3177,i,
3178,r,
3179,g,
3180,i,
3181,n,
3182,i,
3183,c,
3184,a,
3185,"
",
3186,4,
3187,.,
3188,9,
3189,,
3190,2,
3191,.,
3192,5,
3193,,
3194,4,
3195,.,
3196,5,
3197,,
3198,1,
3199,.,
3200,7,
3201,,
3202,I,
3203,r,
3204,i,
3205,s,
3206,-,
3207,v,
3208,i,
3209,r,
3210,g,
3211,i,
3212,n,
3213,i,
3214,c,
3215,a,
3216,"
",
3217,7,
3218,.,
3219,3,
3220,,
3221,2,
3222,.,
3223,9,
3224,,
3225,6,
3226,.,
3227,3,
3228,,
3229,1,
3230,.,
3231,8,
3232,,
3233,I,
3234,r,
3235,i,
3236,s,
3237,-,
3238,v,
3239,i,
3240,r,
3241,g,
3242,i,
3243,n,
3244,i,
3245,c,
3246,a,
3247,"
",
3248,6,
3249,.,
3250,7,
3251,,
3252,2,
3253,.,
3254,5,
3255,,
3256,5,
3257,.,
3258,8,
3259,,
3260,1,
3261,.,
3262,8,
3263,,
3264,I,
3265,r,
3266,i,
3267,s,
3268,-,
3269,v,
3270,i,
3271,r,
3272,g,
3273,i,
3274,n,
3275,i,
3276,c,
3277,a,
3278,"
",
3279,7,
3280,.,
3281,2,
3282,,
3283,3,
3284,.,
3285,6,
3286,,
3287,6,
3288,.,
3289,1,
3290,,
3291,2,
3292,.,
3293,5,
3294,,
3295,I,
3296,r,
3297,i,
3298,s,
3299,-,
3300,v,
3301,i,
3302,r,
3303,g,
3304,i,
3305,n,
3306,i,
3307,c,
3308,a,
3309,"
",
3310,6,
3311,.,
3312,5,
3313,,
3314,3,
3315,.,
3316,2,
3317,,
3318,5,
3319,.,
3320,1,
3321,,
3322,2,
3323,.,
3324,0,
3325,,
3326,I,
3327,r,
3328,i,
3329,s,
3330,-,
3331,v,
3332,i,
3333,r,
3334,g,
3335,i,
3336,n,
3337,i,
3338,c,
3339,a,
3340,"
",
3341,6,
3342,.,
3343,4,
3344,,
3345,2,
3346,.,
3347,7,
3348,,
3349,5,
3350,.,
3351,3,
3352,,
3353,1,
3354,.,
3355,9,
3356,,
3357,I,
3358,r,
3359,i,
3360,s,
3361,-,
3362,v,
3363,i,
3364,r,
3365,g,
3366,i,
3367,n,
3368,i,
3369,c,
3370,a,
3371,"
",
3372,6,
3373,.,
3374,8,
3375,,
3376,3,
3377,.,
3378,0,
3379,,
3380,5,
3381,.,
3382,5,
3383,,
3384,2,
3385,.,
3386,1,
3387,,
3388,I,
3389,r,
3390,i,
3391,s,
3392,-,
3393,v,
3394,i,
3395,r,
3396,g,
3397,i,
3398,n,
3399,i,
3400,c,
3401,a,
3402,"
",
3403,5,
3404,.,
3405,7,
3406,,
3407,2,
3408,.,
3409,5,
3410,,
3411,5,
3412,.,
3413,0,
3414,,
3415,2,
3416,.,
3417,0,
3418,,
3419,I,
3420,r,
3421,i,
3422,s,
3423,-,
3424,v,
3425,i,
3426,r,
3427,g,
3428,i,
3429,n,
3430,i,
3431,c,
3432,a,
3433,"
",
3434,5,
3435,.,
3436,8,
3437,,
3438,2,
3439,.,
3440,8,
3441,,
3442,5,
3443,.,
3444,1,
3445,,
3446,2,
3447,.,
3448,4,
3449,,
3450,I,
3451,r,
3452,i,
3453,s,
3454,-,
3455,v,
3456,i,
3457,r,
3458,g,
3459,i,
3460,n,
3461,i,
3462,c,
3463,a,
3464,"
",
3465,6,
3466,.,
3467,4,
3468,,
3469,3,
3470,.,
3471,2,
3472,,
3473,5,
3474,.,
3475,3,
3476,,
3477,2,
3478,.,
3479,3,
3480,,
3481,I,
3482,r,
3483,i,
3484,s,
3485,-,
3486,v,
3487,i,
3488,r,
3489,g,
3490,i,
3491,n,
3492,i,
3493,c,
3494,a,
3495,"
",
3496,6,
3497,.,
3498,5,
3499,,
3500,3,
3501,.,
3502,0,
3503,,
3504,5,
3505,.,
3506,5,
3507,,
3508,1,
3509,.,
3510,8,
3511,,
3512,I,
3513,r,
3514,i,
3515,s,
3516,-,
3517,v,
3518,i,
3519,r,
3520,g,
3521,i,
3522,n,
3523,i,
3524,c,
3525,a,
3526,"
",
3527,7,
3528,.,
3529,7,
3530,,
3531,3,
3532,.,
3533,8,
3534,,
3535,6,
3536,.,
3537,7,
3538,,
3539,2,
3540,.,
3541,2,
3542,,
3543,I,
3544,r,
3545,i,
3546,s,
3547,-,
3548,v,
3549,i,
3550,r,
3551,g,
3552,i,
3553,n,
3554,i,
3555,c,
3556,a,
3557,"
",
3558,7,
3559,.,
3560,7,
3561,,
3562,2,
3563,.,
3564,6,
3565,,
3566,6,
3567,.,
3568,9,
3569,,
3570,2,
3571,.,
3572,3,
3573,,
3574,I,
3575,r,
3576,i,
3577,s,
3578,-,
3579,v,
3580,i,
3581,r,
3582,g,
3583,i,
3584,n,
3585,i,
3586,c,
3587,a,
3588,"
",
3589,6,
3590,.,
3591,0,
3592,,
3593,2,
3594,.,
3595,2,
3596,,
3597,5,
3598,.,
3599,0,
3600,,
3601,1,
3602,.,
3603,5,
3604,,
3605,I,
3606,r,
3607,i,
3608,s,
3609,-,
3610,v,
3611,i,
3612,r,
3613,g,
3614,i,
3615,n,
3616,i,
3617,c,
3618,a,
3619,"
",
3620,6,
3621,.,
3622,9,
3623,,
3624,3,
3625,.,
3626,2,
3627,,
3628,5,
3629,.,
3630,7,
3631,,
3632,2,
3633,.,
3634,3,
3635,,
3636,I,
3637,r,
3638,i,
3639,s,
3640,-,
3641,v,
3642,i,
3643,r,
3644,g,
3645,i,
3646,n,
3647,i,
3648,c,
3649,a,
3650,"
",
3651,5,
3652,.,
3653,6,
3654,,
3655,2,
3656,.,
3657,8,
3658,,
3659,4,
3660,.,
3661,9,
3662,,
3663,2,
3664,.,
3665,0,
3666,,
3667,I,
3668,r,
3669,i,
3670,s,
3671,-,
3672,v,
3673,i,
3674,r,
3675,g,
3676,i,
3677,n,
3678,i,
3679,c,
3680,a,
3681,"
",
3682,7,
3683,.,
3684,7,
3685,,
3686,2,
3687,.,
3688,8,
3689,,
3690,6,
3691,.,
3692,7,
3693,,
3694,2,
3695,.,
3696,0,
3697,,
3698,I,
3699,r,
3700,i,
3701,s,
3702,-,
3703,v,
3704,i,
3705,r,
3706,g,
3707,i,
3708,n,
3709,i,
3710,c,
3711,a,
3712,"
",
3713,6,
3714,.,
3715,3,
3716,,
3717,2,
3718,.,
3719,7,
3720,,
3721,4,
3722,.,
3723,9,
3724,,
3725,1,
3726,.,
3727,8,
3728,,
3729,I,
3730,r,
3731,i,
3732,s,
3733,-,
3734,v,
3735,i,
3736,r,
3737,g,
3738,i,
3739,n,
3740,i,
3741,c,
3742,a,
3743,"
",
3744,6,
3745,.,
3746,7,
3747,,
3748,3,
3749,.,
3750,3,
3751,,
3752,5,
3753,.,
3754,7,
3755,,
3756,2,
3757,.,
3758,1,
3759,,
3760,I,
3761,r,
3762,i,
3763,s,
3764,-,
3765,v,
3766,i,
3767,r,
3768,g,
3769,i,
3770,n,
3771,i,
3772,c,
3773,a,
3774,"
",
3775,7,
3776,.,
3777,2,
3778,,
3779,3,
3780,.,
3781,2,
3782,,
3783,6,
3784,.,
3785,0,
3786,,
3787,1,
3788,.,
3789,8,
3790,,
3791,I,
3792,r,
3793,i,
3794,s,
3795,-,
3796,v,
3797,i,
3798,r,
3799,g,
3800,i,
3801,n,
3802,i,
3803,c,
3804,a,
3805,"
",
3806,6,
3807,.,
3808,2,
3809,,
3810,2,
3811,.,
3812,8,
3813,,
3814,4,
3815,.,
3816,8,
3817,,
3818,1,
3819,.,
3820,8,
3821,,
3822,I,
3823,r,
3824,i,
3825,s,
3826,-,
3827,v,
3828,i,
3829,r,
3830,g,
3831,i,
3832,n,
3833,i,
3834,c,
3835,a,
3836,"
",
3837,6,
3838,.,
3839,1,
3840,,
3841,3,
3842,.,
3843,0,
3844,,
3845,4,
3846,.,
3847,9,
3848,,
3849,1,
3850,.,
3851,8,
3852,,
3853,I,
3854,r,
3855,i,
3856,s,
3857,-,
3858,v,
3859,i,
3860,r,
3861,g,
3862,i,
3863,n,
3864,i,
3865,c,
3866,a,
3867,"
",
3868,6,
3869,.,
3870,4,
3871,,
3872,2,
3873,.,
3874,8,
3875,,
3876,5,
3877,.,
3878,6,
3879,,
3880,2,
3881,.,
3882,1,
3883,,
3884,I,
3885,r,
3886,i,
3887,s,
3888,-,
3889,v,
3890,i,
3891,r,
3892,g,
3893,i,
3894,n,
3895,i,
3896,c,
3897,a,
3898,"
",
3899,7,
3900,.,
3901,2,
3902,,
3903,3,
3904,.,
3905,0,
3906,,
3907,5,
3908,.,
3909,8,
3910,,
3911,1,
3912,.,
3913,6,
3914,,
3915,I,
3916,r,
3917,i,
3918,s,
3919,-,
3920,v,
3921,i,
3922,r,
3923,g,
3924,i,
3925,n,
3926,i,
3927,c,
3928,a,
3929,"
",
3930,7,
3931,.,
3932,4,
3933,,
3934,2,
3935,.,
3936,8,
3937,,
3938,6,
3939,.,
3940,1,
3941,,
3942,1,
3943,.,
3944,9,
3945,,
3946,I,
3947,r,
3948,i,
3949,s,
3950,-,
3951,v,
3952,i,
3953,r,
3954,g,
3955,i,
3956,n,
3957,i,
3958,c,
3959,a,
3960,"
",
3961,7,
3962,.,
3963,9,
3964,,
3965,3,
3966,.,
3967,8,
3968,,
3969,6,
3970,.,
3971,4,
3972,,
3973,2,
3974,.,
3975,0,
3976,,
3977,I,
3978,r,
3979,i,
3980,s,
3981,-,
3982,v,
3983,i,
3984,r,
3985,g,
3986,i,
3987,n,
3988,i,
3989,c,
3990,a,
3991,"
",
3992,6,
3993,.,
3994,4,
3995,,
3996,2,
3997,.,
3998,8,
3999,,
4000,5,
4001,.,
4002,6,
4003,,
4004,2,
4005,.,
4006,2,
4007,,
4008,I,
4009,r,
4010,i,
4011,s,
4012,-,
4013,v,
4014,i,
4015,r,
4016,g,
4017,i,
4018,n,
4019,i,
4020,c,
4021,a,
4022,"
",
4023,6,
4024,.,
4025,3,
4026,,
4027,2,
4028,.,
4029,8,
4030,,
4031,5,
4032,.,
4033,1,
4034,,
4035,1,
4036,.,
4037,5,
4038,,
4039,I,
4040,r,
4041,i,
4042,s,
4043,-,
4044,v,
4045,i,
4046,r,
4047,g,
4048,i,
4049,n,
4050,i,
4051,c,
4052,a,
4053,"
",
4054,6,
4055,.,
4056,1,
4057,,
4058,2,
4059,.,
4060,6,
4061,,
4062,5,
4063,.,
4064,6,
4065,,
4066,1,
4067,.,
4068,4,
4069,,
4070,I,
4071,r,
4072,i,
4073,s,
4074,-,
4075,v,
4076,i,
4077,r,
4078,g,
4079,i,
4080,n,
4081,i,
4082,c,
4083,a,
4084,"
",
4085,7,
4086,.,
4087,7,
4088,,
4089,3,
4090,.,
4091,0,
4092,,
4093,6,
4094,.,
4095,1,
4096,,
4097,2,
4098,.,
4099,3,
4100,,
4101,I,
4102,r,
4103,i,
4104,s,
4105,-,
4106,v,
4107,i,
4108,r,
4109,g,
4110,i,
4111,n,
4112,i,
4113,c,
4114,a,
4115,"
",
4116,6,
4117,.,
4118,3,
4119,,
4120,3,
4121,.,
4122,4,
4123,,
4124,5,
4125,.,
4126,6,
4127,,
4128,2,
4129,.,
4130,4,
4131,,
4132,I,
4133,r,
4134,i,
4135,s,
4136,-,
4137,v,
4138,i,
4139,r,
4140,g,
4141,i,
4142,n,
4143,i,
4144,c,
4145,a,
4146,"
",
4147,6,
4148,.,
4149,4,
4150,,
4151,3,
4152,.,
4153,1,
4154,,
4155,5,
4156,.,
4157,5,
4158,,
4159,1,
4160,.,
4161,8,
4162,,
4163,I,
4164,r,
4165,i,
4166,s,
4167,-,
4168,v,
4169,i,
4170,r,
4171,g,
4172,i,
4173,n,
4174,i,
4175,c,
4176,a,
4177,"
",
4178,6,
4179,.,
4180,0,
4181,,
4182,3,
4183,.,
4184,0,
4185,,
4186,4,
4187,.,
4188,8,
4189,,
4190,1,
4191,.,
4192,8,
4193,,
4194,I,
4195,r,
4196,i,
4197,s,
4198,-,
4199,v,
4200,i,
4201,r,
4202,g,
4203,i,
4204,n,
4205,i,
4206,c,
4207,a,
4208,"
",
4209,6,
4210,.,
4211,9,
4212,,
4213,3,
4214,.,
4215,1,
4216,,
4217,5,
4218,.,
4219,4,
4220,,
4221,2,
4222,.,
4223,1,
4224,,
4225,I,
4226,r,
4227,i,
4228,s,
4229,-,
4230,v,
4231,i,
4232,r,
4233,g,
4234,i,
4235,n,
4236,i,
4237,c,
4238,a,
4239,"
",
4240,6,
4241,.,
4242,7,
4243,,
4244,3,
4245,.,
4246,1,
4247,,
4248,5,
4249,.,
4250,6,
4251,,
4252,2,
4253,.,
4254,4,
4255,,
4256,I,
4257,r,
4258,i,
4259,s,
4260,-,
4261,v,
4262,i,
4263,r,
4264,g,
4265,i,
4266,n,
4267,i,
4268,c,
4269,a,
4270,"
",
4271,6,
4272,.,
4273,9,
4274,,
4275,3,
4276,.,
4277,1,
4278,,
4279,5,
4280,.,
4281,1,
4282,,
4283,2,
4284,.,
4285,3,
4286,,
4287,I,
4288,r,
4289,i,
4290,s,
4291,-,
4292,v,
4293,i,
4294,r,
4295,g,
4296,i,
4297,n,
4298,i,
4299,c,
4300,a,
4301,"
",
4302,5,
4303,.,
4304,8,
4305,,
4306,2,
4307,.,
4308,7,
4309,,
4310,5,
4311,.,
4312,1,
4313,,
4314,1,
4315,.,
4316,9,
4317,,
4318,I,
4319,r,
4320,i,
4321,s,
4322,-,
4323,v,
4324,i,
4325,r,
4326,g,
4327,i,
4328,n,
4329,i,
4330,c,
4331,a,
4332,"
",
4333,6,
4334,.,
4335,8,
4336,,
4337,3,
4338,.,
4339,2,
4340,,
4341,5,
4342,.,
4343,9,
4344,,
4345,2,
4346,.,
4347,3,
4348,,
4349,I,
4350,r,
4351,i,
4352,s,
4353,-,
4354,v,
4355,i,
4356,r,
4357,g,
4358,i,
4359,n,
4360,i,
4361,c,
4362,a,
4363,"
",
4364,6,
4365,.,
4366,7,
4367,,
4368,3,
4369,.,
4370,3,
4371,,
4372,5,
4373,.,
4374,7,
4375,,
4376,2,
4377,.,
4378,5,
4379,,
4380,I,
4381,r,
4382,i,
4383,s,
4384,-,
4385,v,
4386,i,
4387,r,
4388,g,
4389,i,
4390,n,
4391,i,
4392,c,
4393,a,
4394,"
",
4395,6,
4396,.,
4397,7,
4398,,
4399,3,
4400,.,
4401,0,
4402,,
4403,5,
4404,.,
4405,2,
4406,,
4407,2,
4408,.,
4409,3,
4410,,
4411,I,
4412,r,
4413,i,
4414,s,
4415,-,
4416,v,
4417,i,
4418,r,
4419,g,
4420,i,
4421,n,
4422,i,
4423,c,
4424,a,
4425,"
",
4426,6,
4427,.,
4428,3,
4429,,
4430,2,
4431,.,
4432,5,
4433,,
4434,5,
4435,.,
4436,0,
4437,,
4438,1,
4439,.,
4440,9,
4441,,
4442,I,
4443,r,
4444,i,
4445,s,
4446,-,
4447,v,
4448,i,
4449,r,
4450,g,
4451,i,
4452,n,
4453,i,
4454,c,
4455,a,
4456,"
",
4457,6,
4458,.,
4459,5,
4460,,
4461,3,
4462,.,
4463,0,
4464,,
4465,5,
4466,.,
4467,2,
4468,,
4469,2,
4470,.,
4471,0,
4472,,
4473,I,
4474,r,
4475,i,
4476,s,
4477,-,
4478,v,
4479,i,
4480,r,
4481,g,
4482,i,
4483,n,
4484,i,
4485,c,
4486,a,
4487,"
",
4488,6,
4489,.,
4490,2,
4491,,
4492,3,
4493,.,
4494,4,
4495,,
4496,5,
4497,.,
4498,4,
4499,,
4500,2,
4501,.,
4502,3,
4503,,
4504,I,
4505,r,
4506,i,
4507,s,
4508,-,
4509,v,
4510,i,
4511,r,
4512,g,
4513,i,
4514,n,
4515,i,
4516,c,
4517,a,
4518,"
",
4519,5,
4520,.,
4521,9,
4522,,
4523,3,
4524,.,
4525,0,
4526,,
4527,5,
4528,.,
4529,1,
4530,,
4531,1,
4532,.,
4533,8,
4534,,
4535,I,
4536,r,
4537,i,
4538,s,
4539,-,
4540,v,
4541,i,
4542,r,
4543,g,
4544,i,
4545,n,
4546,i,
4547,c,
4548,a,
4549,"
",
4550,"
",
